{
  "scan_number": 226918,
  "ms_level": 2,
  "is_centroid": true,
  "n_peaks": 47,
  "filter_string": "ASTMS + c ESI d Full ms2 280.2630@hcd30.00 [40.0000-1000.0000]",
  "rt": 26.85485803333333,
  "tic": 11912600.0,
  "mz": [
    41.03850555419922,
    42.03417205810547,
    42.06327819824219,
    44.04954528808594,
    70.06550598144531,
    79.0940170288086,
    86.06021118164062,
    87.10589599609375,
    87.18582153320312,
    88.07567596435547,
    89.07984161376953,
    114.09101867675781,
    115.05396270751953,
    116.05697631835938,
    117.07147216796875,
    118.10626220703125,
    127.0792236328125,
    128.10675048828125,
    129.37339782714844,
    131.24429321289062,
    136.7772216796875,
    137.35174560546875,
    139.1131591796875,
    146.0718231201172,
    147.0756072998047,
    150.107666015625,
    150.40133666992188,
    151.05654907226562,
    151.09097290039062,
    153.0365753173828,
    165.07327270507812,
    165.11941528320312,
    166.0767364501953,
    177.07310485839844,
    178.97398376464844,
    193.0684051513672,
    194.0710906982422,
    203.8705291748047,
    207.82452392578125,
    217.71092224121094,
    218.17330932617188,
    265.1197509765625,
    279.12640380859375,
    280.1368408203125,
    281.10931396484375,
    281.1400451660156,
    303.0455322265625
  ],
  "intensity": [
    7468.70654296875,
    6199.67431640625,
    7435.955078125,
    3875.56494140625,
    9420.912109375,
    6884.34423828125,
    41302.23828125,
    3618.85205078125,
    4285.84521484375,
    503153.53125,
    22396.826171875,
    11387.3095703125,
    11672.9462890625,
    6944.5869140625,
    24290.845703125,
    12032.6962890625,
    6270.52099609375,
    476868.4375,
    10104.884765625,
    4337.71630859375,
    15021.1279296875,
    15890.0,
    16678.705078125,
    18965.01171875,
    4659.501953125,
    8442.0498046875,
    3422.56982421875,
    19701.90234375,
    5744.162109375,
    8062.9248046875,
    1123236.375,
    6773.75,
    83418.1328125,
    9222.9267578125,
    5207.3369140625,
    99150.9375,
    5602.24560546875,
    6173.9052734375,
    4000.53369140625,
    5515.5859375,
    5887.35986328125,
    39062.15234375,
    10749.9921875,
    7834348.5,
    18880.458984375,
    1347219.75,
    11574.8212890625
  ]
}