{
  "scan_number": 170191,
  "ms_level": 2,
  "is_centroid": true,
  "n_peaks": 70,
  "filter_string": "ASTMS + c ESI d Full ms2 217.0778@hcd30.00 [40.0000-1000.0000]",
  "rt": 20.12953336666667,
  "tic": 48582.7,
  "mz": [
    41.03856658935547,
    43.01799392700195,
    43.05426788330078,
    55.05099105834961,
    69.0700912475586,
    70.99537658691406,
    74.97510528564453,
    80.05757904052734,
    89.05923461914062,
    91.11579132080078,
    93.90161895751953,
    97.9913558959961,
    101.05938720703125,
    108.08052062988281,
    111.08011627197266,
    111.98457336425781,
    112.03314971923828,
    112.98870086669922,
    122.96347045898438,
    124.08716583251953,
    125.08952331542969,
    129.0538787841797,
    130.9671173095703,
    134.9320068359375,
    135.92681884765625,
    140.9976043701172,
    154.53173828125,
    155.07003784179688,
    156.0226287841797,
    157.03225708007812,
    163.53311157226562,
    164.03033447265625,
    170.99554443359375,
    171.1175079345703,
    172.53831481933594,
    173.08053588867188,
    173.54054260253906,
    174.9838104248047,
    175.02149963378906,
    175.51780700683594,
    175.53622436523438,
    176.55467224121094,
    184.5237579345703,
    186.16055297851562,
    193.52871704101562,
    198.02041625976562,
    198.14990234375,
    199.0967254638672,
    213.03668212890625,
    216.07492065429688,
    216.1017608642578,
    216.13755798339844,
    216.17466735839844,
    216.23251342773438,
    217.079833984375,
    217.1053009033203,
    217.1405487060547,
    218.07260131835938,
    218.10311889648438,
    218.17916870117188,
    240.0548858642578,
    254.0771484375,
    266.95794677734375,
    267.9593505859375,
    269.1031494140625,
    280.135498046875,
    281.08282470703125,
    307.981689453125,
    358.20806884765625,
    648.405517578125
  ],
  "intensity": [
    575.93603515625,
    154.4934539794922,
    1351.116455078125,
    602.3334350585938,
    427.1243591308594,
    255.0017547607422,
    134.93817138671875,
    182.56365966796875,
    170.74993896484375,
    233.7740478515625,
    218.5236358642578,
    362.338623046875,
    261.2154846191406,
    225.74942016601562,
    219.6487274169922,
    345.68609619140625,
    169.04212951660156,
    159.7008514404297,
    261.2951354980469,
    185.29446411132812,
    233.2871551513672,
    217.18482971191406,
    521.9176025390625,
    175.7466278076172,
    262.751953125,
    137.79795837402344,
    499.62451171875,
    956.4715576171875,
    1204.15478515625,
    357.5265197753906,
    1208.8018798828125,
    968.1793212890625,
    177.25682067871094,
    141.7081298828125,
    364.59783935546875,
    1318.4691162109375,
    273.7772521972656,
    177.03468322753906,
    785.7882690429688,
    622.4156494140625,
    1270.98828125,
    240.0709686279297,
    1560.23291015625,
    158.0875244140625,
    208.66513061523438,
    242.5450897216797,
    823.0759887695312,
    617.6378784179688,
    280.9511413574219,
    451.90899658203125,
    638.1697387695312,
    1505.1103515625,
    668.9097900390625,
    295.99627685546875,
    3078.989990234375,
    10215.6083984375,
    804.0391235351562,
    557.4848022460938,
    709.0960693359375,
    1004.9780883789062,
    307.08489990234375,
    456.068115234375,
    2192.0751953125,
    182.61569213867188,
    149.82150268554688,
    194.91851806640625,
    494.24853515625,
    1590.6148681640625,
    316.5817565917969,
    265.07476806640625
  ]
}