{
  "scan_number": 5,
  "ms_level": 2,
  "is_centroid": true,
  "n_peaks": 124,
  "filter_string": "ASTMS + c ESI d Full ms2 280.1374@hcd30.00 [40.0000-1000.0000]",
  "rt": 0.02148558333333333,
  "tic": 8672400.0,
  "mz": [
    42.03483581542969,
    44.5502815246582,
    45.15367126464844,
    48.753292083740234,
    53.05571365356445,
    58.06535720825195,
    59.0498161315918,
    61.789058685302734,
    64.92724609375,
    65.03886413574219,
    66.03502655029297,
    66.04637908935547,
    70.06533813476562,
    72.11795806884766,
    72.93711853027344,
    74.01496887207031,
    74.06065368652344,
    75.02261352539062,
    79.05416107177734,
    84.08341979980469,
    85.94522857666016,
    86.01525115966797,
    86.06021118164062,
    87.40465545654297,
    88.07582092285156,
    89.07908630371094,
    90.90298461914062,
    90.94763946533203,
    91.00653839111328,
    91.0543212890625,
    91.07233428955078,
    92.05831909179688,
    93.05735778808594,
    95.04920196533203,
    95.86243438720703,
    100.11402893066406,
    101.23146057128906,
    104.06241607666016,
    105.04508209228516,
    107.06050109863281,
    107.32933807373047,
    108.00282287597656,
    109.00862121582031,
    114.09185791015625,
    115.05470275878906,
    117.06995391845703,
    118.0753402709961,
    118.11334228515625,
    118.30404663085938,
    121.96678161621094,
    123.0271987915039,
    125.0422592163086,
    125.13916778564453,
    128.06216430664062,
    128.10723876953125,
    128.1784210205078,
    128.44168090820312,
    129.11074829101562,
    129.1356658935547,
    131.05020141601562,
    132.0040283203125,
    132.8064422607422,
    133.05787658691406,
    135.0260467529297,
    135.04161071777344,
    135.1038055419922,
    136.02972412109375,
    136.76243591308594,
    137.04202270507812,
    137.97203063964844,
    138.98121643066406,
    140.9827117919922,
    142.12367248535156,
    145.06455993652344,
    145.089599609375,
    146.07257080078125,
    146.11343383789062,
    147.07589721679688,
    150.05015563964844,
    151.0491180419922,
    151.11810302734375,
    152.062255859375,
    153.037109375,
    153.06674194335938,
    156.10137939453125,
    159.08058166503906,
    161.13259887695312,
    162.1636199951172,
    163.05430603027344,
    165.07354736328125,
    165.10560607910156,
    165.13433837890625,
    165.17160034179688,
    165.1876678466797,
    165.20457458496094,
    165.2584686279297,
    166.07664489746094,
    170.1536102294922,
    178.50111389160156,
    178.5711669921875,
    178.81005859375,
    179.07017517089844,
    180.8681640625,
    184.03416442871094,
    193.0685577392578,
    194.07229614257812,
    196.14234924316406,
    202.07801818847656,
    209.0630645751953,
    213.03614807128906,
    233.16555786132812,
    262.1271057128906,
    265.1199645996094,
    266.1225280761719,
    279.0911865234375,
    280.0978698730469,
    280.13726806640625,
    280.2147216796875,
    281.1114807128906,
    281.14044189453125,
    281.2533874511719,
    285.7157897949219,
    303.0453796386719,
    304.1320495605469
  ],
  "intensity": [
    3788.581787109375,
    5481.43603515625,
    4441.5302734375,
    1620.782470703125,
    1478.881591796875,
    1282.818359375,
    2440.427001953125,
    2790.442138671875,
    1911.4215087890625,
    7663.638671875,
    1082.24609375,
    2390.28759765625,
    12302.7529296875,
    3618.406982421875,
    2749.651611328125,
    1494.41357421875,
    1724.3203125,
    4168.16748046875,
    3685.79248046875,
    1663.1041259765625,
    2427.047119140625,
    2924.6025390625,
    32885.8359375,
    1687.124755859375,
    327054.71875,
    3581.766845703125,
    2436.798095703125,
    2726.595703125,
    1361.9263916015625,
    27026.09375,
    1436.3587646484375,
    2462.854736328125,
    14606.6357421875,
    8726.0263671875,
    3228.337890625,
    1961.3724365234375,
    4556.0263671875,
    1869.0516357421875,
    5633.0546875,
    1291.6280517578125,
    1576.324951171875,
    3301.5986328125,
    4903.0693359375,
    5033.82421875,
    7543.07958984375,
    56789.515625,
    10967.9306640625,
    1504.01025390625,
    1672.510986328125,
    5845.47021484375,
    2455.57568359375,
    4020.947265625,
    2837.358154296875,
    2567.88330078125,
    463485.8125,
    1740.1591796875,
    1581.427490234375,
    23081.904296875,
    7628.38134765625,
    4133.13134765625,
    2355.106689453125,
    1420.9468994140625,
    2448.8466796875,
    1868.9095458984375,
    1298.9395751953125,
    1945.473876953125,
    1176.0665283203125,
    2434.99755859375,
    15339.1455078125,
    3171.23779296875,
    1735.176513671875,
    2911.59912109375,
    1321.41650390625,
    2825.0830078125,
    3086.379638671875,
    38717.71484375,
    1725.146484375,
    2963.635009765625,
    20276.806640625,
    1429.7437744140625,
    1553.783203125,
    2354.486328125,
    9607.0390625,
    1668.4842529296875,
    3363.26953125,
    1768.2376708984375,
    3722.174560546875,
    3874.7265625,
    3935.110107421875,
    805437.5625,
    5103.46728515625,
    10657.4326171875,
    6276.27587890625,
    2583.2236328125,
    1033.530517578125,
    2290.84033203125,
    63581.25,
    1464.3447265625,
    1658.6341552734375,
    8099.171875,
    2143.1328125,
    3523.69921875,
    1672.9295654296875,
    1711.6907958984375,
    98591.359375,
    12895.4443359375,
    2295.246826171875,
    1545.5596923828125,
    1167.849853515625,
    3368.0205078125,
    5612.5625,
    14708.9267578125,
    18185.689453125,
    6533.32373046875,
    2402.830322265625,
    4687.326171875,
    5481700.5,
    23148.41015625,
    7108.3388671875,
    761105.625,
    1066.0511474609375,
    1641.451904296875,
    29233.802734375,
    5536.0908203125
  ]
}