{
  "scan_number": 56730,
  "ms_level": 2,
  "is_centroid": true,
  "n_peaks": 71,
  "filter_string": "ASTMS + c ESI d Full ms2 404.2643@hcd30.00 [40.0000-1000.0000]",
  "rt": 6.732137866666666,
  "tic": 47197.8,
  "mz": [
    43.01779556274414,
    46.06487274169922,
    55.01776123046875,
    60.0445671081543,
    67.05438232421875,
    71.0495834350586,
    74.0602798461914,
    83.04914855957031,
    83.08556365966797,
    86.09648132324219,
    86.2423324584961,
    87.09414672851562,
    95.05062866210938,
    101.09547424316406,
    102.14278411865234,
    113.05956268310547,
    129.01791381835938,
    129.0600128173828,
    133.08590698242188,
    134.04489135742188,
    139.0028839111328,
    146.0809326171875,
    147.0798797607422,
    151.0213623046875,
    156.1741180419922,
    161.09637451171875,
    185.08157348632812,
    207.04702758789062,
    214.1923828125,
    237.8318634033203,
    244.083740234375,
    244.15252685546875,
    245.10342407226562,
    245.1964569091797,
    246.1699676513672,
    253.10549926757812,
    262.20404052734375,
    266.11383056640625,
    267.1166076660156,
    268.09228515625,
    301.04583740234375,
    302.08111572265625,
    306.1929016113281,
    306.878662109375,
    309.096923828125,
    323.15972900390625,
    329.161376953125,
    342.19171142578125,
    349.2419738769531,
    354.1282958984375,
    359.163818359375,
    360.1578063964844,
    362.99127197265625,
    376.07574462890625,
    383.1095886230469,
    385.80755615234375,
    386.1416931152344,
    386.187255859375,
    387.1200866699219,
    387.1551513671875,
    403.28857421875,
    403.328369140625,
    404.09124755859375,
    404.1224670410156,
    404.3016052246094,
    404.3268737792969,
    404.3732604980469,
    405.1233825683594,
    405.2469177246094,
    405.3045959472656,
    430.96368408203125
  ],
  "intensity": [
    449.70843505859375,
    282.6958923339844,
    336.1405334472656,
    330.3219299316406,
    457.7339172363281,
    113.2388687133789,
    328.8992919921875,
    141.52621459960938,
    301.8522033691406,
    697.8650512695312,
    406.9189147949219,
    138.8282928466797,
    164.8341827392578,
    279.6354064941406,
    383.8204650878906,
    227.4681854248047,
    149.21771240234375,
    611.5204467773438,
    210.9149169921875,
    184.58277893066406,
    759.8809204101562,
    674.5814819335938,
    165.14889526367188,
    481.2132568359375,
    266.73236083984375,
    160.712890625,
    678.6572875976562,
    302.38330078125,
    509.775390625,
    123.30195617675781,
    269.349609375,
    263.8381042480469,
    411.5280456542969,
    305.5441589355469,
    564.7326049804688,
    249.18177795410156,
    545.96484375,
    583.7156372070312,
    249.40338134765625,
    553.6932983398438,
    569.4122924804688,
    183.8734588623047,
    989.8424072265625,
    121.01451873779297,
    385.8962707519531,
    269.9874267578125,
    239.94265747070312,
    176.33123779296875,
    156.81065368652344,
    281.4739074707031,
    394.006103515625,
    513.6605224609375,
    489.6661071777344,
    193.46612548828125,
    257.2952575683594,
    277.2243347167969,
    233.6916961669922,
    351.7292175292969,
    196.09390258789062,
    328.4565124511719,
    485.4381408691406,
    2578.596435546875,
    252.77781677246094,
    2985.964599609375,
    12663.880859375,
    557.4132690429688,
    355.5224914550781,
    1591.258544921875,
    4006.347412109375,
    642.0563354492188,
    151.64804077148438
  ]
}