{
  "scan_number": 113459,
  "ms_level": 2,
  "is_centroid": true,
  "n_peaks": 85,
  "filter_string": "ASTMS + c ESI d Full ms2 176.9719@hcd30.00 [40.0000-1000.0000]",
  "rt": 13.41120961666667,
  "tic": 45612.1,
  "mz": [
    49.49911880493164,
    55.934242248535156,
    56.94217300415039,
    60.986183166503906,
    61.0070686340332,
    69.95053100585938,
    70.02845764160156,
    70.95861053466797,
    72.04439544677734,
    72.96084594726562,
    73.04667663574219,
    74.95291900634766,
    80.99272155761719,
    85.07520294189453,
    85.95317077636719,
    87.96096801757812,
    88.02161407470703,
    89.93995666503906,
    92.90025329589844,
    96.96086883544922,
    97.9454345703125,
    97.96922302246094,
    100.93193817138672,
    104.01040649414062,
    106.99179077148438,
    107.08570098876953,
    107.9505386352539,
    108.98771667480469,
    113.96392822265625,
    114.9713363647461,
    114.99018096923828,
    115.95603942871094,
    115.97459411621094,
    116.93071746826172,
    116.95067596435547,
    116.97611236572266,
    117.9349136352539,
    118.94308471679688,
    120.96961212158203,
    121.00743103027344,
    124.9671401977539,
    127.9147720336914,
    128.9384307861328,
    130.00782775878906,
    130.9909210205078,
    131.0858154296875,
    131.97425842285156,
    132.00352478027344,
    132.0293426513672,
    132.9391326904297,
    132.9942626953125,
    134.4127197265625,
    135.0044708251953,
    135.94532775878906,
    136.45486450195312,
    136.93125915527344,
    136.9696502685547,
    140.95989990234375,
    141.9348602294922,
    141.95921325683594,
    142.87103271484375,
    142.9773406982422,
    143.95489501953125,
    144.92233276367188,
    148.01992797851562,
    149.01405334472656,
    155.04080200195312,
    158.0038299560547,
    158.01889038085938,
    158.08480834960938,
    158.9695587158203,
    159.9488525390625,
    159.9983673095703,
    171.1484832763672,
    176.0142822265625,
    176.13397216796875,
    176.97251892089844,
    177.05389404296875,
    177.09576416015625,
    177.12689208984375,
    177.16383361816406,
    177.9678497314453,
    178.0626983642578,
    178.12356567382812,
    204.93505859375
  ],
  "intensity": [
    929.4841918945312,
    345.35321044921875,
    412.79058837890625,
    455.8153076171875,
    339.2997741699219,
    138.61297607421875,
    289.5975646972656,
    283.6568908691406,
    276.13037109375,
    160.03358459472656,
    315.855712890625,
    867.158447265625,
    210.64932250976562,
    210.60922241210938,
    208.86825561523438,
    767.2611083984375,
    711.2640991210938,
    403.2118835449219,
    277.68133544921875,
    2331.233154296875,
    220.95326232910156,
    168.71592712402344,
    1159.9161376953125,
    582.7111206054688,
    767.538818359375,
    119.71952819824219,
    214.0258026123047,
    216.70372009277344,
    172.06407165527344,
    1030.4237060546875,
    521.3740234375,
    711.0777587890625,
    134.3203582763672,
    150.5398712158203,
    492.2966613769531,
    394.0399169921875,
    1287.46875,
    271.69024658203125,
    484.14617919921875,
    378.2284240722656,
    1149.2093505859375,
    313.4797058105469,
    1113.2012939453125,
    204.48968505859375,
    897.2219848632812,
    203.9898681640625,
    194.16697692871094,
    174.00384521484375,
    417.37396240234375,
    223.95362854003906,
    414.3269348144531,
    552.4163208007812,
    410.1370849609375,
    328.71478271484375,
    232.67608642578125,
    201.308837890625,
    203.3816680908203,
    473.1255187988281,
    235.82254028320312,
    792.0792236328125,
    274.3802185058594,
    451.12615966796875,
    281.71844482421875,
    421.7005920410156,
    753.5181274414062,
    810.4116821289062,
    130.12908935546875,
    506.6149597167969,
    464.4638366699219,
    172.05799865722656,
    2852.287109375,
    1489.09423828125,
    265.7325134277344,
    234.16062927246094,
    282.96734619140625,
    279.84417724609375,
    555.0615234375,
    289.96929931640625,
    832.8355712890625,
    1705.335693359375,
    3198.130859375,
    191.80221557617188,
    331.5295104980469,
    298.2934265136719,
    391.28662109375
  ]
}